,class_sms,sms
2,spam,Free entry wkly comp win Cup final tkts May . Text receive entry question(std txt rate apply over
5,spam,FreeMsg Hey there darling been  week now and word back like some fun you for still! XxX std chgs send rcv
8,spam,WINNER valued network customer you have been selected receivea £ prize reward claim call . Claim code. Valid  hours only.
9,spam,Had your mobile  months more entitled Update the latest colour mobiles with camera for Free! Call The Mobile Update FREE 
11,spam,"SIX chances win CASH! From , pounds txt> CSH and send . Cost/day, days, + TsandCs apply Reply  info"
12,spam,"URGENT! You have won  week FREE membership our £, Prize Jackpot! Txt the word: CLAIM www.dbuk.net LCCLTD POBOX LDNWARW"
15,spam,"XXXMobileMovieClub use your credit, click the WAP link the next txt message click here>> http://wap. xxxmobilemovieclub.com=QJKGIGHJJGCBL"
19,spam,"England Macedonia - dont miss the goals/team news. Txt national team ENGLAND  Try:WALES, SCOTLAND txt. POBOXoxWWQ +"
34,spam,Thanks for your subscription Ringtone your mobile will charged £/month Please confirm replying YES you reply you will not charged
42,spam, - Rodger Burns - MSG tried call you your reply our sms for free nokia mobile + free camcorder. Please call now  for delivery tomorrow
54,spam,SMS Sptv: The New Jersey Devils and the Detroit Red Wings play Ice Hockey. Correct Incorrect? End? Reply END SPTV
56,spam,"Congrats!  year special cinema pass for yours. call  now Suprman, Matrix, StarWars, etc all  FREE. Dont miss out! "
65,spam," valued customer pleased advise you that following recent review your Mob. you are awarded with £ Bonus Prize, call "
67,spam,"Urgent awarded complimentary trip EuroDisinc Trav, Aco&Entry claim txt DIS  +*£.(moreFrmMob. ShrAcomOrSglSuplt"
68,spam,"Did you hear about the new ""Divorce Barbie comes with all Ken stuff!"
93,spam,Please call our customer service representative    between you have WON guaranteed £ cash £ prize!
95,spam,"Your free ringtone waiting collected. Simply text the password ""MIX verify. Get Usher and Britney. FML Box. Ppw "
114,spam,GENT are trying contact you. Last weekends draw shows that you won £ prize GUARANTEED. Call . Claim Code. Valid hrs only. ppm
117,spam,You are winner have been specially selected  receive * holiday (flights inc) speak live operator  claim/min (+) 
120,spam,PRIVATE! Your  Account Statement for  shows  unredeemed Bonus Points claim call  Identifier Code:  Expires
121,spam,"URGENT! Your Mobile. was awarded £ Bonus Caller Prize // This our final try contact! Call from Landline  BOXWRC, PPM"
123,spam,Todays Voda numbers ending  are selected receive $ award you have match please call  quoting claim code  standard rates app
134,spam,Sunshine Quiz Wkly! Win top Sony DVD player know which country the Algarve? Txt ansr:Tyrone
135,spam,Want  get laid tonight? Want real Dogging locations sent direct mob? Join the largest Dogging Network Txting GRAVEL. eca.msg
139,spam,You not rcv any more msgs from the chat svc. For FREE Hardcore services text get nothing must Age Verify with network & try again
147,spam,"FreeMsg Why haven you replied text Randy, sexy, female and live local. Luv hear from. Netcollex Ltd per msg reply Stop end"
159,spam,Customer service annoncement. You have New Years delivery waiting for you. Please call  now arrange delivery
160,spam,You are winner have been specially selected  receive £ cash * holiday (flights inc) speak live operator  claim 
164,spam,-PLS STOP bootydelious inviting you her friend. Reply YES- See her: www.SMS/bootydelious STOP? Send STOP FRND 
165,spam,"BangBabes order the way SHOULD receive Service Msg  download content not, GoTo wap. bangb mobile internet/service menu"
167,spam,URGENT are trying contact you. Last weekends draw shows that you have won £ prize GUARANTEED. Call . Claim code. Valid hrs only
188,spam,Please call our customer service representative FREEPHONE    between you have WON guaranteed £ cash £ prize!
191,spam,Are you unique enough? Find out from August. www.areyouunique
225,spam," New Mobiles from , MUST! Txt: NOKIA:  & collect yours today!From ONLY £ www.biz optout .gbp/mtmsg"
227,spam,"Will meet dream partner soon career off flyng start?  find out free, txt HORO followed star sign. HORO ARIES"
235,spam,Text & meet someone sexy today can find date even flirt its. Join  just. REPLY with NAME & AGE Sam .  -msg recd@thirtyeight pence
240,spam,  have secret admirer who looking  make contact with-find out who they*reveal who thinks special-call 
250,spam,Congratulations awarded vouchers gift guaranteed & Free entry   wkly draw txt MUSIC  TnCs www.Ldew.comwinppmxage
259,spam, tried contact you your reply our offer Video Handset?  anytime networks mins? UNLIMITED TEXT? Camcorder? Reply call  NOW
264,spam,Hey really horny want chat see naked text hot  text charged unsubscribe text stop 
268,spam, ringtone service has changed!  Free credits clubmobiles.com choose content now! Stop? txt CLUB STOP Club Box
270,spam,Ringtone Club: Get the singles chart your mobile each week and choose any top quality ringtone! This message free charge.
273,spam,HMV BONUS SPECIAL  pounds genuine HMV vouchers won. Just answer  easy questions. Play Now! Send HMV  More info:www.percent-real.com
296,spam,-Mobile customer you may now claim your FREE CAMERA PHONE upgrade pay sim card for your loyalty. Call   .Offer ends thFeb apply
305,spam,"SMS Blind Date!: Rodds from Aberdeen, United Kingdom. Check Him out http://img. sms/icmbcktzr Blind Dates send HIDE"
309,spam,"TheMob> Check out our newest selection content, Games, Tones, Gossip, babes and sport, Keep your mobile fit and funky text WAP "
312,spam,"Think smart ? Win £ this week our weekly quiz, text PLAY  now WinnersClub BOX. +. GBP./week"
319,spam,December only! Had your mobile mths+? You are entitled update the latest colour camera mobile for Free! Call The Mobile Update FREE 
333,spam,Call Germany for only  pence per minute! Call from fixed line via access number prepayment. Direct access!
335,spam,Valentines Day Special! Win over our quiz and take your partner the trip lifetime! Send  now/msg rcvd. CustCare:.
349,spam,Fancy shag.Interested? sextextuk.com txt XXUK SUZY . Txts cost . per msg. TnCs website
357,spam,Congratulations awarded vouchers gift guaranteed & Free entry   wkly draw txt MUSIC  TnCs www.Ldew.comwinppmxage
358,spam, cash-balance currently  pounds maximize cash now send CASH  only/msg/Suite/Lands Row/WJHL
367,spam,"Update_Now - Xmas Offer! Latest Motorola, SonyEricsson & Nokia & FREE Bluetooth! Double Mins &  Txt Orange. Call MobileUpd calloptout="
368,spam,Here your discount code stop further messages reply stop. www.regalportfolio. Customer Services 
375,spam,"Thanks for your Ringtone Order, Reference. You will charged GBP  per week. You can unsubscribe anytime calling customer services "
385,spam,"Double mins and txts  months FREE Bluetooth Orange. Available Sony, Nokia Motorola phones. Call MobileUpd calloptout/NDX"
389,spam,mths half price Orange line rental & latest camera phones  FREE. Had your phone mths ? Call MobilesDirect free update now! orstoptxt
401,spam,"FREE RINGTONE text FIRST  for poly text GET  for true tone! Help?    after free, tones are txt stop"
415,spam, dating service cal  boxskch
418,spam,FREE entry into our £ weekly competition just text the word WIN  NOW www.txttowin
420,spam,Send logo lover -  names joined heart. Txt LOVE NAME NAME MOBNO LOVE ADAM EVE  Yahoo! POBoxWWQ TxtNO ads
422,spam,Someone has contacted our dating service and entered your phone because they fancy you find out who call from landline  . PoBoxntfp
424,spam,URGENT! Your Mobile number has been awarded with £ prize GUARANTEED. Call  from land line. Claim . Valid hrs only
433,spam,Congrats! Nokia  video camera phone your Call  Calls cost ppm Ave call mins vary from mobiles + Close  post BCM Ldn WCNXX
455,spam,"Loan for any purpose £ - £,. Homeowners + Tenants welcome. Have you been previously refused can still help. Call Free text back 'help'"
463,spam,"UpgrdCentre Orange customer, you may now claim your FREE CAMERA PHONE upgrade for your loyalty. Call now   . Offer ends July apply. Opt-out available"
471,spam,okmail: Dear Dave this your final notice collect your * Tenerife Holiday # CASH award! Call  from landline. TCs SAE Box CWWX ppm
474,spam,Want  get laid tonight? Want real Dogging locations sent direct Mob? Join the largest Dogging Network txting MOAN Nyt. eca.msg
487,spam,"FREE MESSAGE Activate your  FREE Text Messages replying this message with the word FREE For terms & conditions, visit www..com"
492,spam,"Congrats!  year special cinema pass for yours. call  now Suprman, Matrix, StarWars, etc all  FREE. Dont miss out!"
505,spam,+ Congratulations this week competition draw have won the £ prize claim just call/stop SMS . Over  only ppm
515,spam,You are guaranteed the latest Nokia Phone iPod player £ prize! Txt word: COLLECT: ! IBHltd LdnWH/Mtmsgrcvd+
517,spam,Boltblue tones for Reply POLY MONO POLY . Cha Cha Slide . Yeah . Slow Jamz . Toxic . Come With STOP  more tones txt MORE
518,spam,Your credits have been topped for http://www.bubbletext.com Your renewal Pin tgxxrz
525,spam,"URGENT!: Your Mobile. was awarded £, Bonus Caller Prize //! This our attempt contact YOU! Call -- BOXQU"
527,spam,"Today Offer! Claim £ worth discount vouchers! Text YES  now! SavaMob, member offers mobile . £. Sub.  . Unsub reply"
529,spam,You will recieve your tone within the next hrs. For Terms and conditions please see Channel Teletext 
531,spam,PRIVATE! Your  Account Statement for  shows-redeemed. points. Call  Identifier Code  Expires // 
541,spam,from www.Applausestore.com MonthlySubscription/msg max/month&CsC web age stop txt stop
564,spam,GENT are trying contact you. Last weekends draw shows that you won £ prize GUARANTEED. Call . Claim Code. Valid hrs only. ppm 
576,spam,"You have won ?, cash ?, prize claim, call"
579,spam,our mobile number has won claim calls back ring the claims hot line .
583,spam, tried contact you your reply our offer  mins  textand new video phone call  now reply for free delivery tomorrow
591,spam,For chance win £ wkly shopping spree TXT: SHOP www.txt--shop.com custcare
592,spam,You have been specially selected receive  pound award! Call  BEFORE the lines close. Cost ppm apply Promo
593,spam,PRIVATE! Your  Account Statement for  shows-redeemed. points. Call  Identifier Code:  Expires //
598,spam,You have important customer service announcement. Call FREEPHONE    now!
607,spam,XCLUSIVE@CLUBSAISAI MOROW / SOIREE SPECIALE ZOUK WITH NICHOLS FROM PARIS.FREE ROSES  ALL LADIES !!! info: / 
611,spam, days kick off! For Euro will kept date with the latest news and results daily removed send GET TXT STOP 
629,spam,New TEXTBUDDY Chat  horny guys area  just Free  receive Search postcode gaytextbuddy.com. TXT ONE name 
630,spam,Todays Vodafone numbers ending with  are selected receive £ award your number matches call receive your £ award.
635,spam,"Dear Voucher Holder,  claim this weeks offer your http://www-tlp/expressoffer apply. stop texts txt STOP ."
648,spam,PRIVATE! Your  Account Statement for shows-redeemed. points. Call  Identifier Code:  Expires //
650,spam,"You have won ?, cash ?, prize claim, call: RSTM. ppm"
660,spam, and  are premium phone services call 
672,spam,"SMS sun posts HELLO:""You seem cool, wanted say!!!"" Stop? Send STOP "
673,spam,Get RINGTONE FREE NOW! Reply this msg with TONE TOP  tones your phone every week just £. per  opt out send STOP  
684,spam, sue  years old and work lapdancer love sex. Text live bedroom now. text SUE TextOperator ppmsg +
690,spam,<Forwarded from >Please CALL  immediately there urgent message waiting for you.
709,spam, review and KEEP the fantastic Nokia-Gage game deck with Club Nokia  www.cnupdates.com/newsletter. unsubscribe from alerts reply with the word OUT
710,spam,mths half price Orange line rental & latest camera phones  FREE. Had your phone mths+? Call MobilesDirect free update now! orstoptxt
713,spam, between Cost
717,spam,+ URGENT! This the attempt contact have WON £ CALL&CsBCMWCNXX. callcost ppm mobilesvary. max£. 
719,spam,You have WON guaranteed £ cash £ prize claim prize call our customer service representative  between
731,spam,Email AlertFrom: Jeri StewartSize: KBSubject: Low-cost prescripiton drvgsTo listen email call 
738,spam,. Customer Loyalty Offer:The NEW Nokia Mobile from ONLY TXTAUCTION! Txt word: START:  & get yours Now&Ctxt/MTmsg
748,spam, are subscribed the best Mobile Content Service the for £ per  days until you send STOP . Helpline 
751,spam, you realize that about  years have thousands old ladies running around with tattoos?
752,spam,You have important customer service announcement from PREMIER.
761,spam,"Romantic Paris.  nights,  flights from £ Book now  next year. Call apply."
763,spam,Urgent £ guaranteed award still unclaimed! Call  NOW closingdate// claimcode £.pmmorefrommobileBremoved-MobyPOBoxLSYF
766,spam, awarded City Break and could WIN £ Summer Shopping spree every. Txt STORE  . SkilGme. TsCsWinawk!Age £.perWKsub
784,spam,You have important customer service announcement from PREMIER. Call FREEPHONE    now!
788,spam,Ever thought about living good life with perfect partner? Just txt back NAME and AGE join the mobile community/SMS)
789,spam," Free Top Polyphonic Tones call , National Rate. Get toppoly tune sent every week, just text SUBPOLY , £ per pole. UnSub ."
797,spam,"Orange customer, you may now claim your FREE CAMERA PHONE upgrade for your loyalty. Call now   . Offer ends thMarch apply. Opt-out availa"
801,spam,"Last Chance! Claim £ worth discount vouchers today! Text SHOP  now! SavaMob, offers mobile SavaMob POBOX, MUZ. £. Sub. "
803,spam,FREE for week Nokia tone mobile every week just txt NOKIA  Get txting and tell mates. www.getzed POBox  WWQ + normp/tone
804,spam,You have won guaranteed £ award even £ cashto claim award call free  (+)  stop getstop  PHP
813,spam,Congratulations awarded either gift vouchers & Free entry  our £ weekly draw txt MUSIC  TnCs www.Ldew.comwinppmxage
815,spam," were outbid simonwatson the Shinco DVD Plyr.  bid again, visit sms/smsrewards  end bid notifications, reply END OUT"
823,spam,"SMSSERVICES. for yourinclusive text credits, pls goto www.comuk.net login= qxj unsubscribe with STOP extra charge. help .COMUK"
824,spam,  alfie Moon Children need song mob. Tell. Txt Tone charity  for Nokias Poly charity for polys: zed  profit  charity.
831,spam, have secret admirer. REVEAL who thinks special. Call opt out Reply REVEAL STOP. . per msg recd. Cust care 
833,spam,"Dear Voucher Holder claim this weeks offer you please http://www-tlp/expressoffer apply stop texts, txt STOP "
837,spam, you want  anytime any network mins  text and NEW VIDEO phone for only five pounds per week call reply for delivery tomorrow
839,spam, tried contact you our offer New Video Phone  anytime any network mins HALF PRICE Rental camcorder call reply for delivery Wed
840,spam,Last chance  claim £ worth discount vouchers-Text YES  now!SavaMob-member offers mobile . £. Sub.  . Remove txt STOP
844,spam,"Urgent! call  from your landline. Your complimentary * Ibiza Holiday , cash await collection SAE BOX  ppm + "
850,spam,"Today Offer! Claim £ worth discount vouchers! Text YES  now! SavaMob, member offers mobile . £. Sub.  . Unsub reply"
856,spam,Talk sexy!! Make new friends fall love the worlds most discreet text dating service. Just text VIP  and see who you could meet.
866,spam,Congratulations awarded either yrs supply CDs from Virgin Records Mystery Gift GUARANTEED Call www.smsco.net approx mins
868,spam,PRIVATE! Your  Account Statement for  XXXXXX shows-redeemed. points. Call  Identifier Code:  Expires //
869,spam,Hello need some posh birds and chaps user trial prods for champneys. Can put you down need your address and dob asap
870,spam,What want for Xmas? How about  free text messages new video phone with half price line rental? Call free now find out more!
876,spam,"Shop till Drop YOU, either, £ Cash £ Travel voucher, Call now, . NTT Box CRBT fixedline Cost ppm mobile vary"
878,spam,Sunshine Quiz Wkly! Win top Sony DVD player know which country Liverpool played mid week? Txt ansr:Tyrone
879,spam, have secret admirer who looking  make contact with-find out who they*reveal who thinks special-call 
880,spam, have Secret Admirer who looking  make contact with-find out who they*reveal who thinks special-call -stopsms-
881,spam,Reminder: You have not downloaded the content you have already paid for. Goto http://doit. mymoby collect your content.
900,spam,"Your free ringtone waiting collected. Simply text the password ""MIX verify. Get Usher and Britney. FML Box. Ppw "
907,spam,"all the lastest from Stereophonics, Marley, Dizzee Racal, Libertines and The Strokes! Win Nookii games with Flirt!! Click TheMob WAP Bookmark text WAP "
910,spam,"January Male Sale! Hot Gay chat now cheaper, call . National rate from/min cheap/min peak stop texts call/min)"
930,spam,money!!! you lucky winner !  claim your prize text money   over £million give away ! pptx+normal text rate box wtjy
935,spam,"Dear Matthew please call  from landline, your complimentary *Lux Tenerife holiday £ CASH await collection. ppm SAE Box SKXH."
939,spam,"Urgent! call  from Landline. Your complimentary * Tenerife Holiday £, cash await collection SAE BOX ppm +"
943,spam,How about getting touch with folks waiting for company? Just txt back your NAME and AGE opt! Enjoy the community/SMS)
947,spam, cash-balance currently  pounds maximize cash now send  only/msg BOX / TCR
955,spam,Filthy stories and GIRLS waiting for your
962,spam,URGENT are trying contact. Todays draw shows that you have won £ prize GUARANTEED. Call  from land line. Claim. Validhrs only
983,spam,"Congrats!  mobile Videophones yours. call  now! videochat wid your mates, play java games, Dload polyPH music, noline rentl."
1002,spam,Please call our customer service representative FREEPHONE    between you have WON guaranteed £ cash £ prize!
1007,spam,Panasonic & BluetoothHdset FREE. Nokia FREE. Motorola FREE & DoubleMins & DoubleTxt Orange contract. Call MobileUpd call optout
1017,spam,FREE for week Nokia tone mob every week just txt NOKIA  Get txting and tell mates www.getzed POBox  WWQ normp/tone +
1022,spam,Guess what! Somebody you know secretly fancies you! Wanna find out who? Give call  From Landline DATEBoxEssexCMXN/min 
1045,spam," know someone who you know that fancies you. Call find out who. POBox , LSHB"
1048,spam, flirting NOW! Txt GIRL BLOKE NAME & AGE GIRL ZOE join and get chatting!
1050,spam, days Euro kickoff will kept informed all the latest news and results daily. Unsubscribe send GET EURO STOP .
1060,spam,EASTENDERS Quiz. What FLOWER does DOT compare herself= VIOLET= TULIP= LILY txt  NOW  chance  WIN £ Cash WKENT+
1064,spam, have new local dates your area - Lots new people registered YOUR AREA. Reply DATE start now!  only www.flirtparty REPLYS
1069,spam,Someone know has asked our dating service  contact you! Cant Guess who? CALL  NOW all will revealed BOX
1072,spam,URGENT are trying contact. Todays draw shows that you have won £ prize GUARANTEED. Call  from land line. Claim. Validhrs only
1073,spam,Dear been invited XCHAT. This our final attempt contact! Txt CHAT 
1089,spam,You are awarded SiPix Digital Camera! call  from landline. Delivery within days Box. MBP warranty. ppm£.
1091,spam,WIN URGENT! Your mobile number has been awarded with £ prize GUARANTEED call  from land line. claim  valid hrs only ppm 
1097,spam,Dear Subscriber draw  £ gift voucher will entered receipt correct ans. When was Elvis Presleys Birthday? TXT answer 
1105,spam,Message Important information for user. Today your lucky day!  find out why log onto http://www.urawinner.com there fantastic surprise awaiting you
1118,spam," You have won £, price claim, call ."
1120,spam,"Bored speed dating? Try SPEEDCHAT, txt SPEEDCHAT you don like txt SWAP and get new chatter! Chat POBoxWWQ/msg rcd "
1122,spam, you want  anytime any network mins  text and NEW video phone for only five pounds per week call  now reply for delivery Tomorrow
1126,spam,For taking part our mobile survey yesterday! You can now have  texts  use however you wish.  get txts just send TXT www.txt.com
1129,spam, HMV Quiz cash-balance currently maximize cash now send HMV  only/msg
1137,spam,Dont forget you can place many FREE Requests with stchoice you wish. For more Information call .
1142,spam, don know and don know. Send CHAT  now and let find each other! Only/Msg rcvd/Suite/Lands/Row/WJHL LDN.  years over.
1146,spam,"Thank you, winner notified sms. Good Luck future marketing reply STOP  customer services "
1154,spam, girls many local who virgins  this ready  fil every sexual need. Can fil theirs? text CUTE)
1163,spam,Free entry wkly comp win Cup final tkts May . Text receive entry question(std txt rate apply over
1172,spam,"Got what takes  take part the WRC Rally can with Lucozade Energy! Text RALLY), see packs lucozade/wrc & itcould!"
1194,spam,Sex mobile with FREE sexy pic Jordan! Just text BABE . Then every get sexy celeb! PocketBabe  more pics 
1196,spam,You have  new voicemail. Please call 
1205,spam,WIN year supply CDs store choice worth £ & enter our £ Weekly draw txt MUSIC www.Ldew.com.subs+winppmx
1207,spam," SIM subscriber, you are selected receive Bonus! Get delivered your door, Txt the word claim/msg, EXP. Apr"
1217,spam,You have  new voicemail. Please call .
1221,spam,.  Nokia Tone mob every week! Just txt NOK Tone FREE get txtin now and tell friends/tone.  reply info
1225,spam,You are winner have been specially selected  receive £ cash * holiday (flights inc) speak live operator  claim 
1227,spam,Reply with your name and address and YOU WILL RECEIVE POST weeks completely free accommodation various global locations www.phb.com
1229,spam,FREE entry into our £ weekly comp just send the word ENTER  NOW www.textcomp.com cust care .
1252,spam,Please CALL  immediately there urgent message waiting for you
1263,spam,"Hungry gay guys feeling hungry and, now. Call  just/min stop texts call/min)"
1269,spam,Can get  phone NOW wanna chat  set meet Call NOW can cum here moro Luv JANE Calls£/minmoremobsEMSPOBoxPOWA
1274,spam,network operator. The service free. For visit .biz
1307,spam,Enjoy the jamster videosound gold club with your credits for  new videosounds+ logos+musicnews! get more fun from jamster! +only Help? call:  
1308,spam,"Get  Lions England tone, reply lionm  mono lionp  poly.  more  www.ringtones, the original best. Tones GBP network operator rates apply"
1318,spam,"Win the newest “Harry Potter and the Order the Phoenix (Book ) reply HARRY, answer  questions - chance the first among readers!"
1328,spam, balance now next question: Who sang 'Uptown Girl the ?  answer txt ANSWER . Good luck!
1350,spam,"FREEDAY sexy George Day pic Jordan!Txt PIC  dont miss out, then every saucy celeb! more pics PocketBabe"
1366,spam,HOT LIVE FANTASIES call now  Just per min NTT Ltd Box  Croydon
1374,spam,"Bears Pic Nick, and Tom, Pete and ... Dick fact, all types try gay chat with photo upload call/min).  stop texts call "
1375,spam," New Mobiles from , MUST! Txt: NOKIA:  & collect yours today!From ONLY £ www.biz optout .gbp/mtmsg TXTAUCTION"
1378,spam,Double Mins & Double Txt & / price Linerental Latest Orange Bluetooth mobiles. Call MobileUpd for the very latest offers calloptout
1380,spam,.  Nokia Tone mob every week! Just txt NOK Tone FREE get txtin now and tell friends/tone.  reply info
1407,spam,"URGENT, IMPORTANT INFORMATION FOR USER. TODAY YOUR LUCKY DAY!  FIND OUT WHY LOG ONTO HTTP://WWW.URAWINNER.COM THERE FANTASTIC SURPRISE AWAITING FOR YOU"
1414,spam,Dear been invited XCHAT. This our final attempt contact! Txt CHAT/MsgrcvdHG/Suite/Lands/Row/WJHL LDN  yrs
1423,spam,Congratulations awarded either gift vouchers & Free entry  our £ weekly draw txt MUSIC  TnCs www.Ldew.com  winppmxage
1430,spam,For sale - arsenal dartboard. Good condition but doubles trebles!
1444,spam,Free week entry  TEXTPOD chance  win iPod £ cash every. Txt POD www.textpod.net custcare .
1449,spam, registered optin subscriber draw  £ gift voucher will entered receipt correct ans  Whats the BBC charts
1456,spam,Summers finally here! Fancy chat flirt with sexy singles area get MATCHED just reply SUMMER now. Free  Join. OptOut txt STOP Help
1458,spam,CLAIRE here havin borin time now alone wanna cum over nite? Chat now  hope Luv CLAIRE Calls£/minmoremobsEMSPOBoxPOWA
1460,spam,Bought one ringtone and now getting texts costing  pound offering more tones etc
1463,spam," URGENT! Your mobile xxxxxxxxx won £, bonus caller prize //! this the attempt reach YOU! call  ASAP!"
1466,spam,YOU  are guaranteed the latests Nokia Phone iPod player £ prize! Txt word:COLLECT-LLC-USA msgrcvd+
1469,spam, its LUCY Hubby meetins all day Fri will alone hotel fancy cumin over? Pls leave msg day  Lucy Calls£/minMobsmoreLKPOBOXHPFL
1492,spam,"Your account has been credited with  FREE Text Messages activate, just txt the word: CREDIT www..biz"
1500,spam,"SMS JSco: Energy high, but may not know where channel. day leadership skills strong. Psychic? Reply ANS/question. End? Reply END JSCO"
1502,spam,HOT LIVE FANTASIES call now  Just per min NTT Ltd Box  Croydon national rate call
1507,spam,Thanks for the Vote. Now sing along with the stars with Karaoke your mobile. For FREE link just reply with SING now.
1518,spam,Our brand new mobile music service now live. The free music player will arrive shortly. Just install your phone browse content from the top artists.
1521,spam,"URGENT! Your Mobile was awarded £, Bonus Caller Prize //! This our attempt contact YOU! Call -- BOXQU National Rate"
1536,spam,You have won Nokia. This what you get when you win our FREE auction take part send Nokia  now/Suite/Lands Row/WJHL +
1544,spam,"Hello from Orange. For  month free access games, news and sport, plus  free texts and  photo messages, reply YES. Terms apply: www.orange"
1573,spam, cash-balance currently  pounds maximize cash now send  only/msg/Suite/Lands Row/WJHL
1574,spam,SMS AUCTION BRAND NEW Nokia  auction today! Auction FREE  join & take part! Txt NOKIA  now/Suite/Lands Row/WJHL
1594,spam,PRIVATE! Your  Account Statement for shows-redeemed. points. Call  Identifier Code:  Expires //
1597,spam, Registered Subscriber draw £ gift voucher will entered receipt correct ans. When are the next olympics. Txt ans 
1598,spam,URGENT! Your Mobile number has been awarded with £ prize GUARANTEED. Call  from land line. Claim . Valid hrs only ppm
1613,spam,-KIng Pro Video Club>> Need help? info@ringtoneking call  You must + Club credits redeemable www.ringtoneking! Enjoy!
1623,spam, have secret admirer who looking  make contact with-find out who they*reveal who thinks special-call 
1625,spam, free text msgs. Just text  and credit your account
1628,spam,"You have been selected stay  top British hotels - FOR NOTHING! Holiday Worth Claim, Call London , SWSS"
1635,spam,"Eerie Nokia tones, rply TONE TITLE TONE DRACULA  Titles: GHOST, ADDAMSFA, MUNSTERS, EXORCIST, TWILIGHT www.getzed POBoxWWQ"
1638,spam,"$NETWORKS allow companies bill for SMS they are responsible for their ""suppliers"", just shop has give guarantee what they sell."
1640,spam,FreeMsg:Feelin kinda lnly hope like  keep company! Jst got cam moby wanna pic?Txt reply DATE  Msgp rcv Hlp  stop 
1653,spam,For chance win £ cash every TXT: ACTION www.movietrivia custcare
1659,spam,RGENT! This the attempt contact have WON £ CALL&CsBCMWCNXX. callcost ppm mobilesvary. max£. 
1663,spam, lookin  saucy daytime fun wiv busty married woman free all next week Chat now  sort time  JANINExx Calls£/minMobsmoreLKPOBOXHPFL
1673,spam,URGENT are trying contact. Todays draw shows that you have won £ prize GUARANTEED. Call  from land line. Claim. Valid hrs only
1674,spam,Monthly password for wap. mobsi.com . Use your wap phone not.
1687,spam,todays vodafone numbers ending with last four digits) are selected received £ award your number matches please call claim your £ award
1688,spam,Free Top ringtone -sub weekly ringtone-get week free-send SUBPOLY -? per week-stop sms-
1691,spam,Sunshine Quiz Wkly! Win top Sony DVD player know which country the Algarve? Txt ansr:Tyrone
1699,spam,Free msg. Sorry service you ordered from  could not delivered you not have sufficient credit. Please top receive the service.
1714,spam,Hard LIVE  chat just/min. Choose your girl and connect LIVE. Call  now! Cheap Chat biggest live service BCMWCNXX
1718,spam,WOW! The Boys Back. TAKE THAT Tour. Win VIP Tickets & pre-book with VIP Club. Txt CLUB . Trackmarque Ltd info@vipclubu.
1734,spam,", this Mandy Sullivan calling from HOTMIX...you are chosen receive our Easter Prize draw.....Please telephone claim before your prize will transferred someone else...."
1741,spam, GOING  BAHAMAS! CallFREEFONE  and speak live operator claim either Bahamas cruise£ CASH +only opt out txt 
1745,spam,Someone has conacted our dating service and entered your phone because they fancy you find out who call from landline . PoBoxntf
1765,spam,  IBH Customer Loyalty Offer: The NEW NOKIA Mobile from ONLY TXTAUCTION!Txt word:START: & get Yours Now&
1767,spam,SMS AUCTION You have won Nokia. This what you get when you win our FREE auction take part send Nokia  now/Suite/Lands Row/WJHL +
1777,spam,Call FREEPHONE    now!
1778,spam,Buy Space Invaders chance  win orig Arcade Game console. Press  for Games Arcade (std WAP charge) See/games  Terms + settings purchase
1780,spam,"Loan for any purpose £ - £,. Homeowners + Tenants welcome. Have you been previously refused can still help. Call Free text back 'help'"
1781,spam,BIG BROTHER ALERT! The computer has selected for cash # voucher. Call . NTT Box CRO Landline Cost ppm mobiles vary
1793,spam,WIN have winner. Foley won iPod! More exciting prizes soon keep eye mobile visit www.win
1807,spam,Todays Voda numbers ending  are selected receive £award you have match please call  quoting claim code  standard rates app 
1830,spam,"Hottest pics straight your phone!! See getting Wet and Wanting, just for you Text PICS  now! txt costs textoperator gga  XxX"
1839,spam,"Hack Chat. Get backdoor entry into  chat rooms fraction the cost. Reply NEO call subscribe. DPS, Bcm box  Ldn, wcnxx"
1848,spam,"FREE NOKIA Motorola with upto mths /price linerental,  FREE-net mins&txt/mth FREE'tooth*. Call Mobileupd call optout/DWV"
1853,spam,"This the time have tried  contact have won the  Pound prize.  claim easy, call  NOW! Only per min-national-rate "
1874,spam,You have WON guaranteed £ cash £ prize claim prize call our customer service representative
1875,spam,Would you like see XXX pics they are hot they were nearly banned the!
1876,spam,HMV BONUS SPECIAL  pounds genuine HMV vouchers won. Just answer  easy questions. Play Now! Send HMV  More info:www.percent-real.com
1880,spam, have secret admirer who looking  make contact with-find out who they*reveal who thinks special-call 
1887,spam,Dear xxxxxxx been invited XCHAT. This our final attempt contact! Txt CHAT/MsgrcvdHG/Suite/Lands/Row/WJHL LDN yrs 
1888,spam,Urgent! Please call  from landline. Your ABTA complimentary * Tenerife Holiday £ cash await collection SAE Box  CWWX ppm
1893,spam,CALL  & LISTEN EXTREME DIRTY LIVE CHAT GOING THE OFFICE RIGHT NOW TOTAL PRIVACY ONE KNOWS YOUR [sic] LISTENING MIN +
1895,spam,"FreeMsg Hey just got these video/pic fones, reply WILD this txt & ill send pics, hurry bored work xxx/rcvd STOPstop)"
1904,spam,Free entry weekly comp for chance win ipod. Txt POD get entry (std txt rate apply  for details +
1915,spam,New TEXTBUDDY Chat  horny guys area  just Free  receive Search postcode gaytextbuddy.com. TXT ONE name .  rpl Stop  cnl
1929,spam,Call from  - tells  call claim £ prize have  enter all mobile & personal details @ the prompts. Careful!
1930,spam,Free week entry  TEXTPOD chance  win iPod £ cash every. Txt VPOD www.textpod.net custcare .
1940,spam,More people are dogging your area now. Call  and join like minded guys. Why not arrange  yourself. There  this evening£. minAPN LSBB
1942,spam,"WELL DONE! Your * Costa Del Sol Holiday £ await collection. Call  Now toClaim. SAE, TCs, POBox, Stockport, SKxh, Cost, Maxmins"
1961,spam,Guess what! Somebody you know secretly fancies you! Wanna find out who? Give call  from Landline DATEBoxEssexCMXN/min 
1963,spam, . Your  free text messages are valid until  December .
1970,spam,You have won guaranteed £ award even £ cashto claim award call free  (+)  stop getstop  PHP
1978,spam,Reply win £ weekly! Where will the  FIFA World Cup held? Send STOP end service
1985,spam,Urgent! Please call  from landline. Your ABTA complimentary * Tenerife Holiday # cash await collection SAE Box  CWWX  ppm
1993,spam,Free tones Hope you enjoyed your new content. text stop unsubscribe. help Provided tonesyou
2003,spam,TheMob-Here comes new selection hot downloads for our members get for FREE! Just click & open the next link sent fone...
2014,spam,Great News! Call FREEFONE claim your guaranteed £ CASH £ gift. Speak live operator NOW!
2023,spam," can WIN Music Gift Vouchers every week starting NOW Txt the word DRAW  TsCs www.ldew.com SkillGame,Winaweek, age.ppermessSubscription"
2044,spam,mths half price Orange line rental & latest camera phones  FREE. Had your phone mths ? Call MobilesDirect free update now! orstoptxt
2053,spam,"Call use mins! Calls cast/min (mob vary). Service provided AOM, just GBP/month. AOM Box until stop. Ages + only!"
2064,spam,"URGENT! Your mobile *********** WON £, Bonus Caller Prize //! This the attempt reach YOU! Call  ASAP! BOXNQP, ppm"
2070,spam,"Eerie Nokia tones, rply TONE TITLE TONE DRACULA  Titles: GHOST, ADDAMSFA, MUNSTERS, EXORCIST, TWILIGHT www.getzed POBoxWWQ "
2071,spam,Sexy Singles are waiting for you! Text your AGE followed your GENDER wither. For gay men text your AGE followed.
2074,spam,"FreeMsg: Claim  SMS messages-Text  now!Use webmobile mates etc. Join Txt.com for BOX, LAWU.  . Remove txtX stop"
2079,spam, FREE>Ringtone!Reply REAL
2089,spam,Well done ENGLAND! Get the official poly ringtone colour flag yer mobile! text TONE FLAG  NOW! Opt-out txt ENG STOP. Box WWX £.
2094,spam,"Final Chance! Claim £ worth discount vouchers today! Text YES  now! SavaMob, member offers mobile SavaMob POBOX, MUZ. £. Subs "
2095,spam,PRIVATE! Your  Account Statement for  shows  unredeemed Bonus Points claim call  Identifier Code:  Expires
2100,spam,"SMS SERVICES. for your inclusive text credits, pls goto www.comuk.net login= ***** unsubscribe with STOP extra charge. help BOX"
2109,spam,"FREEDAY sexy George Day pic Jordan!Txt PIC  dont miss out, then every saucy celeb! more pics PocketBabe"
2113,spam,You are winner you have been specially selected receive £ cash £ award. Speak live operator claim call. Cost
2115,spam,"Sunshine Hols claim med holiday send stamped self address envelope Drinks Box , Bray, Wicklow, Eire. Quiz Starts Saturday! Unsub Stop"
2119,spam," can WIN Music Gift Vouchers every week starting NOW Txt the word DRAW  TsCs www.Idew.com SkillGame, Winaweek, age. ppermessSubscription"
2124,spam,+ Congratulations this week competition draw have won the £ prize claim just call/stop SMS . Over  only ppm
2133,spam,Your voucher MARSMS. Log onto www.BUtele.com for discount credit opt out reply stop. Customer care call 
2145,spam,FreeMsg: Hey Buffy.  and love satisfy men. Home alone feeling randy. Reply PIX! QlynnBV Helpp msg Send stop stop txts
2146,spam,"Sunshine Hols claim med holiday send stamped self address envelope Drinks Box , Bray, Wicklow, Eire. Quiz Starts Saturday! Unsub Stop"
2160,spam,FREE for week Nokia tone mob every week just txt NOKIA  Get txting and tell mates. zed POBox  WWQ normp/tone +
2170,spam,"Shop till Drop YOU, either, £ Cash £ Travel voucher, Call now, . NTT Box CRBT fixedline Cost ppm mobile vary"
2189,spam,FREE camera phones with linerental from ./month with  cross ntwk mins. / price txt bundle deals also avble. Call calloptout
2207,spam,"URGENT! Your mobile xxxxxxxxx won £, bonus caller prize //! this the attempt reach YOU! call  ASAP! BOXNQP, PPM"
2209,spam,"URGENT!! Your * Costa Del Sol Holiday £ await collection. Call  Now toClaim. SAE, POBox, Stockport, SKxh, Cost, Maxmins"
2220,spam,You have WON guaranteed £ cash £ prize claim prize call our customer service representative  between Cost
2224,spam,"Thanks for your ringtone order, ref number. Your mobile will charged £.. Should your tone not arrive please call customer services "
2247,spam, babe goten bout?' scammers getting smart..Though this regular vodafone you respond you get further prem rate msg/subscription. Other nos used also. Beware!
2248,spam,Back  work morro half term over! Can nite  some sexy passion have back? Chat NOW  Luv DENA Calls £/minMobsmoreLKPOBOXHPFL
2250,spam,"Thanks for your ringtone order, ref number. Your mobile will charged £.. Should your tone not arrive please call customer services "
2261,spam,SplashMobile: Choose from tones each! This subscrition service with weekly tones costing have one credit - kick back and ENJOY
2264,spam,Not heard from while. Call  rude chat private line cum. Wan pics gettin shagged then text PIX . End send STOP  SAM xxx
2267,spam,<Forwarded from >FREE entry into our £ weekly comp just send the word ENTER  NOW www.textcomp.com
2269,spam, FROM  LOST POUND HELP
2290,spam,Had your mobile mths ? Update for FREE Oranges latest colour camera mobiles & unlimited weekend calls. Call Mobile Upd freefone StopTx
2295,spam,You have  new message. Please call .
2297,spam,<Forwarded from - this your Mailbox Messaging SMS alert. You have  messages. You have  matches. Please call back retrieve your messages and matches
2300,spam,"Congrats!  year special cinema pass for yours. call  now Suprman, Matrix, StarWars, etc all  FREE. Dont miss out!"
2308,spam,WIN year supply CDs store choice worth £ & enter our £ Weekly draw txt MUSIC www.Ldew.com.subs+winppmx
2309,spam,Moby Pub Quiz.Win £ High Street prize know who the new Duchess Cornwall will? Txt her first name .unsub STOP Arrow
2311,spam,You have won Nokia. This what you get when you win our FREE auction take part send Nokia  now/Suite/Lands Row/WJHL + 
2312,spam,"Congratulations! Thanks good friend have WON the £, Xmas prize.  claim easy, just call  NOW! Only per minute-national-rate."
2313,spam,"tddnewsletter@emc (More games from TheDailyDraw) Dear Helen, Dozens Free Games - with great prizesWith.."
2328,spam,"URGENT! Your mobile number *************** WON £ Bonus Caller prize //! This the attempt reach you! Call  ASAP! Box NQP, ppm"
2343,spam,Double your mins & txts Orange / price linerental - Motorola and SonyEricsson with/Tooth FREE-Nokia FREE Call MobileUpd  oroptout/HVD
2352,spam,Download many ringtones like restrictions  choose can even send buddys. Txt Sir  £ 
2354,spam,Please CALL  immediately there urgent message waiting for you.
2360,spam,"Spook your mob with Halloween collection logo & pic message plus free eerie tone, txt CARD SPOOK  zed per logo/pic"
2364,spam,Fantasy Football back your Sky Gamestar Sky Active and play Dream Team. Scoring starts Saturday register now!SKY OPT OUT 
2367,spam,Tone Club: Your subs has now expired-sub reply MONOC  monos POLYC  polys  weekly per week Txt STOP  stop This msg free Stream 
2374,spam,XMAS Prize draws are trying contact. Todays draw shows that you have won £ prize GUARANTEED. Call  from land line. Valid hrs only
2378,spam,YES! The only place town meet exciting adult singles now the. Txt CHAT  now/Msg.
2386,spam,"Someone has contacted our dating service and entered your phone becausethey fancy you find out who call from landline . PoBox, WRG"
2402,spam,Babe want dont baby nasty and have thing  filthyguys. Fancy rude time with sexy bitch. How about slo hard! Txt XXX SLO(msgs)
2413,spam, don know and don know. Send CHAT  now and let find each other! Only/Msg rcvd/Suite/Lands/Row/WJHL LDN.  years over.
2420,spam,SMS SERVICES For your inclusive text credits pls gotto www.comuk.net login qxj unsubscribe with STOP extra charge help  comuk
2427,spam,Valentines Day Special! Win over our quiz and take your partner the trip lifetime! Send  now/msg rcvd. CustCare:
2430,spam,Guess who?This the first time created web page WWW.ASJESUS.COM read all wrote waiting for your opinions want your friend /
2438,spam,For chance win £ cash every TXT: PLAY www.music-trivia.net custcare.
2473,spam,"Final Chance! Claim £ worth discount vouchers today! Text YES  now! SavaMob, member offers mobile SavaMob POBOX, MUZ. £. Subs "
2480,spam,"Sppok mob with Halloween collection nokia logo&pic message plus FREE eerie tone, txt CARD SPOOK "
2481,spam,"Urgent! call  from landline. Your complementary * Tenerife Holiday £, cash await collection SAE Box ppm + Sender: Hol Offer"
2496,spam,WINNER valued network customer you hvae been selected receive £ reward collect call . Valid  hours only. ACLPM
2514,spam, have won nokia  plus free digital camera. This what get when win our FREE auction take part send NOKIA  now. POBOX/TCR 
2525,spam,FREE entry into our £ weekly comp just send the word WIN  NOW www.txttowin
2548,spam,"Text>> Get more ringtones, logos and games from www.txt.com. Questions: info@txt"
2556,spam,"FreeMSG You have been awarded FREE mini DIGITAL CAMERA, just reply SNAP collect your prize! (quizclub Opt out? Stop:RWM:)"
2558,spam,This message brought you GMW Ltd. and not connected the
2574,spam,"Congrats  mobile Videophones yours. call  now! videochat wid mates, play java games, Dload polypH music, noline rentl"
2575,spam,Your next amazing xxx PICSFREE video will sent you enjoy one vid not enough for day text back the keyword PICSFREE get the next video.
2581,spam, are subscribed the best Mobile Content Service the for £ per ten days until you send STOP . Helpline .
2583,spam," FREE TAROT TEXTS! Find out about your love life now! TRY  FOR FREE! Text CHANCE   only! After  Free, Msgs £. each"
2590,spam,Join the horniest Dogging service and can have sex nite!. Just sign and follow the instructions. Txt ENTRY  now! Nyt.ECA.msg
2596,spam,Sunshine Quiz Wkly! Win top Sony DVD player know which country Liverpool played mid week? Txt ansr:Tyrone
2612,spam,Knock Knock Txt whose there enter weekly draw £ gift voucher store choice www.tkls.com age stoptxtstop£./week
2620,spam,<Forwarded from - this your Mailbox Messaging SMS alert. You have  matches. Please call back retrieve your messages and matches ccp/min
2626,spam,"FREE RING TONE just text ""POLYS . Then every week get new tone. yrs only."
2632,spam,"URGENT! Your mobile xxx WON £, Bonus Caller Prize //! This the attempt reach YOU! Call  ASAP! BOXNQP, ppm"
2642,spam,You are guaranteed the latest Nokia Phone iPod player £ prize! Txt word: COLLECT: ! IBHltd LdnWH/Mtmsgrcvd
2663,spam,"Hello darling how are you today would love have chat, why dont you tell what you look like and what you are sexy?"
2664,spam, FREE for week Nokia tone mob every week just txt NOKIA  Get txting and tell mates www.getzed POBox norm/tone +
2669,spam,Wanna get laid nite? Want real Dogging locations sent direct mobile? Join the largest Dogging Network. Txt PARK  now! Nyt. eca £./msg
2670,spam, tried contact you your response our offer new nokia fone and camcorder hit reply call  for delivery
2680,spam,"New Tones This week include: )McFly-All.., ) Sara Jorge-Shock.. ) Will Smith-Switch order follow instructions next message"
2686,spam,URGENT are trying contact. Todays draw shows that you have won £ prize GUARANTEED. Call  from land line. Claim. Valid hrs only
2691,spam,sports fans - get the latest sports news str mobile FREE PLUS FREE TONE Txt SPORT  www.getzed + norm txt 
2693,spam,"Urgent Urgent have  FREE flights Europe give away, call Sept & take friend  FREE. Call now claim . BANNFWFLYppm"
2699,spam,FROM  LOST £ HELP
2705,spam,FreeMsg: Fancy flirt? Reply DATE now & join the UKs fastest growing mobile dating service. Msgs rcvd just optout txt stop . Reply DATE now!
2708,spam,Great NEW Offer - DOUBLE Mins & DOUBLE Txt best Orange tariffs AND get latest camera phones  FREE! Call MobileUpd free  NOW stoptxt
2711,spam,Hope you enjoyed your new content. text stop unsubscribe. help Provided tonesyou
2719,spam, days Euro kickoff will kept informed all the latest news and results daily. Unsubscribe send GET EURO STOP .
2729,spam,Urgent Please call  from landline. £ cash luxury * Canary Islands Holiday await collection SAE award. MAQ. ppm. + “
2730,spam,"Urgent! Please call  from your landline, your complimentary * Lux Costa Del Sol holiday £ CASH await collection. ppm  SAE James , EHRR"
2742,spam, don know and don know. Send CHAT  now and let find each other! Only/Msg rcvd/Suite/Lands/Row/WJHL LDN.  years over.
2767,spam,Married local women looking for discreet action now!  real matches instantly your phone. Text MATCH  Msg cost  stop txt stop BCMSFWCNXX
2770,spam,Burger King - Wanna play footy top stadium? Get  Burger King before Sept and Large Super with Coca-Cola and walk out winner
2774,spam,How come takes little time for child who afraid the dark become teenager who wants stay out all night?
2779,spam,For chance win £ cash every TXT: ACTION www.movietrivia custcare.
2791,spam, Bin Awarded Play  Instant Cash. Call Claim. EVERY Player Wins Min £-£. OptOut 
2804,spam,FreeMsg>FAV XMAS TONES!Reply REAL
2808,spam,December only! Had your mobile mths+? You are entitled update the latest colour camera mobile for Free! Call The Mobile Update FREE  
2818,spam," Poly tones  ALL mobs direct rply with POLY TITLE POLY BREATHE Titles: CRAZYIN, SLEEPINGWITH, FINEST, YMCA :getzed POBoxOWWQ"
2821,spam,INTERFLORA not too late order Interflora flowers for christmas call place your order before Midnight tomorrow.
2823,spam,ROMCAPspam Everyone around should responding well your presence since you are warm and outgoing. You are bringing real breath sunshine.
2826,spam,"Congratulations - Thanks good friend have WON the £, Xmas prize.  claim easy, just call  NOW! Only per minute-national-rate"
2830,spam,Send logo lover -  names joined heart. Txt LOVE NAME NAME MOBNO LOVE ADAM EVE  Yahoo! POBoxWWQ TxtNO ads.
2834,spam,"You won tkts the EURO CUP FINAL £ CASH collect CALL, POBOX ppm"
2848,spam,"Free-message: Jamster!Get the crazy frog sound now! For poly text MAD, for real text MAD .  crazy sounds for just  GBP/week! +only apply"
2850,spam,YOUR CHANCE REALITY FANTASY SHOW call now =  Just per min NTT Ltd Box  Croydon national = rate call
2863,spam,Adult  Content Your video will with you shortly
2871,spam,YOUR CHANCE REALITY FANTASY SHOW call now =  Just per min NTT Ltd Box  Croydon national = rate call.
2879,spam,"Hey Boys. Want hot XXX pics sent direct phone? Txt PORN , Hrs free and then just per day stop text STOPBCM WCNXX"
2881,spam,"Last Chance! Claim £ worth discount vouchers today! Text SHOP  now! SavaMob, offers mobile SavaMob POBOX, MUZ. £. Sub. "
2897,spam,"pdate_Now - Double mins and  txts Orange tariffs. Latest Motorola, SonyEricsson & Nokia & Bluetooth FREE! Call MobileUpd calloptout/!YHL"
2902,spam, cash-balance currently  pounds maximize cash now send CASH  only/msg BOX / TCR
2910,spam,URGENT! Your Mobile number has been awarded with £ prize GUARANTEED. Call  from land line. Claim . Valid hrs only
2915,spam,Sorry can not unsubscribe yet. THE MOB offer package has min term  weeks> pls resubmit request after expiry. Reply THEMOB HELP  more info
2941,spam,You have  new message. Please call .
2945,spam, currently have message awaiting your collection collect your message just call .
2954,spam,"URGENT! Your mobile was awarded £, Bonus Caller Prize //. Our final attempt  contact! Call "
2959,spam, have secret admirer. REVEAL who thinks special. Call opt out Reply REVEAL STOP. . per msg recd. Cust care 
2965,spam," you ever notice that when you driving, anyone going slower than you idiot and everyone driving faster than you maniac?"
2980,spam,"Xmas Offer! Latest Motorola, SonyEricsson & Nokia & FREE Bluetooth DVD! Double Mins &  Txt Orange. Call MobileUpd calloptout"
2987,spam,Reply win £ weekly! What professional sport does Tiger Woods play? Send STOP end service
2990,spam,  POLYPHONIC tone mob every week! Just txt Tone FREE get txtin now and tell friends/tone.  reply info
2992,spam,HOT LIVE FANTASIES call now  Just per min NTT Ltd Box  Croydon national rate call
3002,spam,This message free. Welcome the new & improved Sex & Dogging club unsubscribe from this service reply STOP. msgs +only
3005,spam,"You won tkts the EURO CUP FINAL £ CASH collect CALL, POBOX ppm"
3009,spam,"Loan for any purpose £ - £,. Homeowners + Tenants welcome. Have you been previously refused can still help. Call Free text back 'help'"
3010,spam,Update_Now - Mths Half Price Orange line rental: mins...Call MobileUpd calloptout
3014,spam,FREE UNLIMITED HARDCORE PORN direct  your mobile Txt PORN  & get FREE access for  hrs then chrgd per day txt Stop exit. This msg free
3056,spam,EASTENDERS Quiz. What FLOWER does DOT compare herself= VIOLET= TULIP= LILY txt  NOW  chance  WIN £ Cash WKENT+
3059,spam,You are now unsubscribed all services. Get tons sexy babes hunks straight your phone http://gotbabes subscriptions.
3064,spam," babe its Jordan, how home from abroad and lonely, text back wanna chat xxSP visionsms.com Text stop stopCost "
3067,spam,Get brand new mobile phone being agent The Mob! Plus loads more goodies! For more info just text MAT .
3092,spam,LORD THE RINGS:RETURN THE KING store NOW!REPLY LOTR  June  Chance  WIN LOTR soundtrack CDs StdTxtRate. Reply STOP end txts
3111,spam,Good Luck! Draw takes place Feb . Good Luck! For removal send STOP  customer services 
3123,spam,Free entry weekly comp for chance win ipod. Txt POD get entry (std txt rate apply  for details +
3126,spam, FREE tones str each. Txt NOKIA  for Classic Nokia tones HIT  for Polys. Nokia Poly +
3132,spam,"LookAtMe!: Thanks for your purchase video clip from LookAtMe!, you been charged. Think you can better? Why not send video MMSto ."
3141,spam,sexy sexy cum and text wet and warm and ready for some porn for some fun? THIS MSG FREE RECD MSGS INC VAT  CANCEL TEXT STOP
3153,spam,Hard LIVE  chat just/min. Choose your girl and connect LIVE. Call  now! Cheap Chat biggest live service BCMWCNXX
3155,spam,Not heard from while. Call  rude chat private line cum. Wan pics gettin shagged then text PIX . End send STOP  SAM xxx
3164,spam,This the time have tried contact have won the £ prize claim just call/stop SMS . ppm
3167,spam,HOT LIVE FANTASIES call now  Just per min NTT Ltd Box  Croydon
3174,spam,Dear Voucher Holder claim this weeks offer you please http://www-tlp/reward apply.
3176,spam, GOING  BAHAMAS! CallFREEFONE  and speak live operator claim either Bahamas cruise£ CASH +only opt out txt 
3189,spam,"This the time have tried  contact have won the  Pound prize.  claim easy, call  NOW! Only per min-national-rate"
3192,spam, awarded City Break and could WIN £ Summer Shopping spree every. Txt STORE .SkilGme.TsCsWinawk!Age+£.perWKsub
3217,spam,URGENT are trying contact. Todays draw shows that you have won £ prize GUARANTEED. Call  from land line. Claim. Valid hrs only
3222,spam,"Thanks for your ringtone order, reference number. Your mobile will charged .. Should your tone not arrive please call customer services "
3229,spam,"SIX chances win CASH! From , pounds txt> CSH and send . Cost/day, days, + TsandCs apply Reply  info"
3230,spam, cash-balance currently  pounds maximize cash now send COLLECT  only/msg BOX / TCR
3260,spam,"Congratulations! Thanks good friend have WON the £, Xmas prize.  claim easy, just call  NOW! Only per minute-national-rate"
3266,spam, you want New Nokia colour phone DeliveredTomorrow? With  free minutes any mobile +  free texts + Free Camcorder reply call .
3272,spam,You have  new voicemail. Please call .
3289,spam,"Someone know has asked our dating service  contact you! Cant Guess who? CALL  NOW all will revealed. POBox , LSHB "
3290,spam,Camera - You are awarded SiPix Digital Camera! call  fromm landline. Delivery within  days
3298,spam,Todays Voda numbers ending  are selected receive ? award you hava match please call  quoting claim code  standard rates app 
3299,spam,This message free. Welcome the new & improved Sex & Dogging club unsubscribe from this service reply STOP. msgs  only
3302,spam,RCT' THNQ Adrian for text. Rgds Vatian
3316,spam,"FREE MESSAGE Activate your  FREE Text Messages replying this message with the word FREE For terms & conditions, visit www..com"
3334,spam,"You are being contacted our dating service someone you know find out who, call from land line . PoBoxWTGP"
3360,spam,Sorry missed your call let talk when you have the time 
3382,spam,"complimentary  STAR Ibiza Holiday £, cash needs your URGENT collection.  NOW from Landline not lose out! BoxSKWPPPM+"
3385,spam,FREE MSG billed your mobile number mistake from shortcode .Please call have charges refunded.This call will free from landline
3391,spam,Please CALL  immediately there urgent message waiting for you
3397,spam,URGENT! Your Mobile number has been awarded with £ Bonus Caller Prize. Call  from land line. Valid hrs only
3401,spam," valued customer pleased advise you that following recent review your Mob. you are awarded with £ Bonus Prize, call "
3409,spam, you want New Nokia colour phone DeliveredTomorrow? With  free minutes any mobile +  free texts + Free Camcorder reply call 
3419,spam,LIFE has never been this much fun and great until you came. You made truly special for won forget you! enjoy @ one gbp/sms
3420,spam, you want new Video phone?  anytime any network mins  Inclusive Video calls AND downloads  per week Free delTOMORROW call reply NOW
3421,spam," valued customer pleased advise you that following recent review your Mob. you are awarded with £ Bonus Prize, call "
3422,spam,Welcome! Please reply with your AGE and GENDER begin
3423,spam,Freemsg: -month unlimited free calls! Activate SmartCall Txt: CALL: . Subscriptngbp unlimited calls Help:  Stop?txt stop landlineonly
3424,spam,Had your mobile  mths? Update latest Orange camera/video phones for FREE. Save with Free texts/weekend calls. Text YES for callback orno opt out
3425,spam, new  club & dont fink met yet Will Please leave msg day wiv area  reply promised CARLIE Calls£/minMobsmore LKPOBOXHPFL
3433,spam,Camera - You are awarded SiPix Digital Camera! call  fromm landline. Delivery within  days.
3442,spam,Get FREE mobile video player FREE movie collect text . Its free! Extra films can ordered and apply.  yrs only
3443,spam,Save money wedding lingerie www.bridal.petticoatdreams Choose from superb selection with national delivery. Brought you WeddingFriend
3460,spam,Not heard from while. Call now here all night with just knickers. Make beg for like did last time Luv Nikiyu.net
3463,spam,Bloomberg -Message center + Why wait? Apply for your future http://careers. bloomberg.com
3468,spam,URGENT are trying contact. Todays draw shows that you have won £ prize GUARANTEED. Call  from land line. Claim. Validhrs only
3483,spam, you want NEW video phone anytime any network mins  text for only five pounds per week call  now reply for delivery tomorrow
3495,spam,"You are being contacted our dating service someone you know find out who, call from land line . PoBoxWTGP"
3496,spam,"Wan win Meet+Greet with Westlife? They are currently what tour? )Unbreakable, )Untamed, )Unkempt. Text . Cost +std text"
3501,spam,Dorothy@kiefer.com (Bank Granite issues Strong-Buy) EXPLOSIVE PICK FOR OUR MEMBERS OVER % *********** Nasdaq Symbol CDGT That $. per..
3529,spam,"You are £ winner Guaranteed Caller Prize, this our Final attempt contact you Claim Call  Now! ppmPOBoxBhamBXE"
3530,spam,"Xmas & New Years Eve tickets are now sale from the club, during the day from till, and Thurs, Fri & Sat night this week. They selling fast!"
3548,spam,Rock chik. Get filthy films &XXX pics phone now. rply FILTH . Saristar Ltd per  days. Stop cancel
3556,spam,From next month get upto % More Calls standard network charge  activate Call Wire.net stTerms PoBox Cost £. min MobcudB more
3560,spam,URGENT are trying contact Todays draw shows that you have won £ prize GUARANTEED. Call  from land line. Claim boxcpm
3562,spam,Text BANNEDUK see! cost textoperator gga + XXX
3564,spam,"Auction round . The highest bid now £. Next maximum bid bid, send BIDS bid . Good luck."
3568,spam,Collect your VALENTINE weekend PARIS inc Flight & Hotel + £ Prize guaranteed! Text: PARIS: . www.rtf.sphosting.com
3571,spam,Customer Loyalty Offer:The NEW Nokia Mobile from ONLY TXTAUCTION! Txt word: START:  & get yours Now&Ctxt/MTmsg
3574,spam,You won believe but true Incredible Txts! Reply now learn truly amazing things that will blow your mind. From OFWD only/txt
3585,spam,  IBH Customer Loyalty Offer: The NEW NOKIA Mobile from ONLY TXTAUCTION!Txt word:START: & get Yours Now&
3587,spam, hot horny and willing live local you - text reply hear strt back from per msg Netcollex LtdHelpDesk:  reply Stop end
3595,spam, you want New Nokia Colour Phone Delivered Tomorrow? With  FREE minutes any mobile +  FREE text + FREE camcorder Reply Call 
3598,spam,Congratulations YOU Won. You Winner our August £ Prize Draw. Call  NOW. Prize Code .
3620,spam,  Alfie Moon Children Need song mob. Tell. Txt TONE CHARITY  for nokias POLY CHARITY for polys :zed  profit  charity 
3631,spam,Get the official ENGLAND poly ringtone colour flag yer mobile for tonights game! Text TONE FLAG . Optout txt ENG STOP Box WWX £.
3639,spam,"Customer service announcement recently tried make delivery you but were unable, please call-schedule. Ref:"
3642,spam,"You can stop further club tones replying ""STOP MIX"" See-tone.com/enjoy. html for terms. Club tones cost GBP./week. MFL Box (/)"
3646,spam,wamma get laid?want real doggin locations sent direct your mobile? join the UKs largest dogging network. txt dogs  now!nyt. eca £./msg.
3675,spam,You have won Nokia. This what you get when you win our FREE auction take part send Nokia  now/Suite/Lands Row/WJHL +
3679,spam,Promotion Number awarded City Break and could WIN £ Summer Shopping spree every. Txt STORE  . SkilGme. TsCsWinawk!Age £.perWKsub
3698,spam,You are winner you have been specially selected receive £ cash £ award. Speak live operator claim call. Cost
3709,spam,Free Top ringtone -sub weekly ringtone-get week free-send SUBPOLY -? per week-stop sms-
3720,spam,"Thanks for your ringtone order, reference number. Your mobile will charged .. Should your tone not arrive please call customer services . From: [colour=red]text[/colour]TXTstar"
3725,spam," there, nights lucky night! Uve been invited  XCHAT, the Uks wildest chat! Txt CHAT  now/MsgrcvdHG/Suite/Lands/Row/WJHL LDN yrs"
3742,spam,/ tfp
3750,spam,Dear Voucher Holder  claim your class airport lounge passes when using Your holiday voucher call . When booking quote class 
3755,spam,Bloomberg -Message center + Why wait? Apply for your future http://careers. bloomberg.com
3758,spam,YES! The only place town meet exciting adult singles now the. Txt CHAT  now/Msg.
3763,spam,FREE for week Nokia tone mob every week just txt NOKIA  Get txting and tell mates www.getzed POBox  WWQ normp/tone +
3766,spam,"Someone know has asked our dating service  contact you! Cant guess who? CALL  NOW all will revealed. POBox , SXY "
3778,spam,"Mila, age, blonde, new look sex with guys like fun with. Text MTALK/txt free. £. increments. Help"
3780,spam,"Claim  shopping spree, just call  now! Have you won! MobStoreQuizppm"
3789,spam,"Want funk fone with weekly new tone reply TONESU  this text. www.ringtones, the original best. Tones GBP network operator rates apply"
3792,spam,"Twinks, bears, scallies, skins and jocks are calling now. Don miss the weekend fun. Call/min.  stop texts call (nat rate)"
3801,spam, tried contact you your reply our offer Video Handset?  anytime any networks mins? UNLIMITED TEXT? Camcorder? Reply call  NOW
3807,spam,URGENT are trying contact you. Last weekends draw shows that you have won £ prize GUARANTEED. Call . Claim code. Valid hours only
3819,spam, XMAS iscoming awarded either gift vouchers & free entry £ weekly draw txt MUSIC  TnC
3828,spam,Congratulations can claim  VIP row Tickets Blu concert November Blu gift guaranteed Call claim www.smsco.net cost£.max 
3848,spam,Fantasy Football back your Sky Gamestar Sky Active and play Dream Team. Scoring starts Saturday register now!SKY OPT OUT 
3856,spam,Free msg: Single? Find partner your area real people are waiting chat now!Send CHAT Cncl send STOPCS £. per msg
3860,spam,"Win the newest Harry Potter and the Order the Phoenix (Book ) reply HARRY, answer  questions - chance the first among readers!"
3862,spam,Free Msg: Ringtone!From: http://tms. widelive.com/index. wml=baecefff*&first=true:-JUL-
3864,spam," god found your number again glad, text back xafter this msgs cst std ntwk chg £."
3885,spam, link your picture has been sent. You can also use http://alto/wave/wave.asp=
3891,spam,"Double Mins &  txts Orange tariffs. Latest Motorola, SonyEricsson & Nokia with Bluetooth FREE! Call MobileUpd calloptout"
3893,spam,URGENT This our attempt contact. Your £ prize from YESTERDAY still awaiting collection claim CALL NOW . ACLPM
3895,spam,Dear Dave this your final notice collect your * Tenerife Holiday # CASH award! Call  from landline. TCs SAE Box CWWX ppm
3897,spam,tells  call claim £ prize have  enter all mobile & personal details @ the prompts. Careful!
3905,spam,Your  account for XXXXXXXXX shows  unredeemed points claim call  Identifier code: XXXXX Expires ..
3906,spam, you want new video handset?  anytime any network mins? Half Price Line Rental? Camcorder? Reply call  for delivery tomorrow
3913,spam,You have important customer service announcement. Call FREEPHONE    now!
3921,spam,FREE>Ringtone! Reply REAL POLY REAL . PushButton . DontCha . BabyGoodbye . GoldDigger . WeBeBurnin tone FREE and  more when join for
3942,spam,"Free Msg: get Gnarls Barkleys ""Crazy"" ringtone TOTALLY FREE just reply this message right now!"
3954,spam,Refused loan? Secured Unsecured? Can get credit? Call free now text back 'help will!
3963,spam,"You have been specially selected receive "" award! Call  BEFORE the lines close. Cost ppm apply Promo"
3968,spam,YOU HAVE WON valued Vodafone customer our computer has picked YOU win £ prize collect easy. Just call 
3972,spam,Free video camera phones with Half Price line rental for  mths and  cross ntwk mins  txts. Call MobileUpd CallOptOut/&
3978,spam,Great NEW Offer - DOUBLE Mins & DOUBLE Txt best Orange tariffs AND get latest camera phones  FREE! Call MobileUpd free  NOW stoptxt
3981,spam,ringtoneking 
3988,spam,Ringtone Club new polys direct your mobile every week !
3991,spam,(Bank Granite issues Strong-Buy) EXPLOSIVE PICK FOR OUR MEMBERS OVER % *********** Nasdaq Symbol CDGT That $. per..
3998,spam,Bored housewives! Chat date now-national rate/min only from landlines!
3999,spam, tried call you your reply our sms for video mobile  mins UNLIMITED TEXT free camcorder Reply call now  Del Thurs
4001,spam,"This the time have tried contact have won the £ prize.  claim easy, just call  NOW! Only per minute-national-rate"
4011,spam,"Wan win Meet+Greet with Westlife? They are currently what tour? )Unbreakable, )Untamed, )Unkempt. Text . Cost +std text"
4012,spam,Please call our customer service representative FREEPHONE    between you have WON guaranteed £ cash £ prize!
4016,spam,You will receiving this week Triple Echo ringtone shortly. Enjoy!
4020,spam," been selected stay  top British hotels - FOR NOTHING! Holiday valued £! Dial claim - National Rate Call, SWSS"
4036,spam,YOU ARE CHOSEN RECEIVE £ AWARD! Pls call claim number collect your award which you are selected receive valued mobile customer.
4042,spam,Please call our customer service representative FREEPHONE    between you have WON guaranteed £ cash £ prize!
4047,spam,Win £ cash prize prize worth £
4048,spam,"Thanks for your ringtone order, reference number.Your mobile will charged .. Should your tone not arrive please call customer services "
4060,spam,Moby Pub Quiz.Win £ High Street prize know who the new Duchess Cornwall will? Txt her first name .unsub STOP
4061,spam,"This weeks SavaMob member offers are now accessible. Just call  for details! SavaMob, POBOX. Only £./week. SavaMob - offers mobile!"
4068,spam,"You are being contacted our Dating Service someone you know find out who, call from your mobile landline  PoBoxLDNS "
4069,spam,TBS/PERSOLVO. been chasing since Sept for£ definitely not paying now thanks your information will ignore them. Kath. Manchester.
4073,spam,Loans for any purpose even you have Bad Credit! Tenants Welcome. Call NoWorriesLoans.com 
4077,spam,: Kick off new season with wks FREE goals & news mobile! Txt club name VILLA 
4086,spam,"Orange brings you ringtones from all time Chart Heroes, with free hit each week Ringtones & Pics wap stop receiving these tips reply STOP."
4088,spam,PRIVATE! Your  Account Statement for  shows-redeemed. points. Call  Identifier Code:  Expires //
4091,spam, tried call you your reply our sms for video mobile  mins UNLIMITED TEXT + free camcorder Reply call  Now
4102,spam,GSOH? Good with SPAM the ladies could male gigolo?  join the fastest growing mens club reply ONCALL. mjzgroup. .stop reply STOP. msg@£.rcvd
4104,spam, have secret admirer who looking  make contact with-find out who they*reveal who thinks special-call 
4108,spam,HOT LIVE FANTASIES call now  Just per min NTT Ltd Box  Croydon national rate call
4112,spam,URGENT! Your Mobile number has been awarded <UKP> prize GUARANTEED. Call  from landline. Claim . Valid hrs only ppm
4127,spam,"SPJanuary Male Sale! Hot Gay chat now cheaper, call . National rate from/min cheap/min peak stop texts call/min)"
4134,spam,FreeMsg Today the day you are ready horny & live your town love sex fun & games! Netcollex Ltd per msg reply Stop end
4144,spam, The Simpsons Movie released July  name the band that died the start the film-Green Day-Blue Day-Red Day. (Send)
4149,spam,Please call Amanda with regard renewing upgrading your current-Mobile handset free charge. Offer ends today. Tel    subject and
4154,spam,"URGENT!! Your * Costa Del Sol Holiday £ await collection. Call  Now toClaim. SAE, POBox, Stockport, SKxh, Cost, Maxmins"
4156,spam,Want new Video Phone?  anytime any network mins? Half price line rental free text for  months? Reply call  for free delivery
4162,spam,Had your mobile  months more entitled Update the latest colour mobiles with camera for Free! Call The Mobile Update FREE 
4166,spam,Dear Voucher Holder claim this weeks offer your please http://www.wtlp/text apply.
4169,spam,Congrats! Nokia  video camera phone your Call  Calls cost ppm Ave call mins vary from mobiles + Close  post BCM Ldn WCNXX
4183,spam,"Urgent! Please call . Your ABTA complimentary * Spanish Holiday £, cash await collection SAE BOX ppm +"
4196,spam,"Double mins and txts  months FREE Bluetooth Orange. Available Sony, Nokia Motorola phones. Call MobileUpd calloptout/NDX"
4198,spam,FREE for week Nokia tone mob every week just txt NOKIA  Get txting and tell mates www.getzed POBox  WWQ normp/tone +
4199,spam,"Want funk fone with weekly new tone reply TONESU  this text. www.ringtones, the original best. Tones GBP network operator rates apply"
4200,spam,"cmon babe, make horny, *turn! Txt your fantasy now babe hot, sticky and need you now. All replies cost £..  cancel send STOP"
4206,spam,IMPORTANT INFORMATION  ORANGE USER XXXXXX. TODAY LUCKY DAY! FIND OUT WHY LOG ONTO http://www.urawinner.com THERE FANTASTIC PRIZEAWAITING YOU!
4213,spam,Missed call alert. These numbers called but left message. 
4236,spam,FREEMSG: Our records indicate you may entitled  pounds for the Accident you had claim for free reply with YES this msg opt out text STOP
4237,spam," can WIN Music Gift Vouchers every week starting NOW Txt the word DRAW  TsCs www.Idew.com SkillGame, Winaweek, age. ppermessSubscription"
4243,spam,Show colours! Euro  -- Offer! Get England Flag & Lions tone phone! Click the following service message for info!
4248,spam,Text PASS collect your polyphonic ringtones. Normal gprs charges apply only. Enjoy your tones
4249,spam,"accordingly repeat, just text the word your mobile phone and send"
4256,spam,Block Breaker now comes deluxe format with new features and great graphics from-Mobile. Buy for just replying GET BBDELUXE and take the challenge
4258,spam,important information  orange user . today your lucky day!find out why log onto http://www.urawinner.com THERE FANTASTIC SURPRISE AWAITING YOU!
4272,spam,Natalja inviting you her friend. Reply YES- See her: www.SMS/nat STOP? Send STOP FRND 
4280,spam,"URGENT. Important information for  user. Today your lucky day!  find out why , log onto http://www.urawinner.com there fantastic surprise awaiting you !"
4281,spam,WINNER valued network customer you have been selected receivea £ prize reward claim call . Claim code. Valid  hours only.
4295,spam,Kit Strip - you have been billed. Netcollex Ltd Box OJA
4296,spam,HMV BONUS SPECIAL  pounds genuine HMV vouchers won. Just answer  easy questions. Play Now! Send HMV  More info:www.percent-real.com
4297,spam,Please CALL  immediately there urgent message waiting for you
4298,spam,thesmszone.com lets you send free anonymous and masked messages sending this message from there you see the potential for abuse???
4299,spam,"WELL DONE! Your * Costa Del Sol Holiday £ await collection. Call  Now toClaim. SAE, TCs, POBox, Stockport, SKxh, Cost, Maxmins"
4311,spam,Someone know has asked our dating service  contact you! Cant Guess who? CALL  NOW all will revealed BOX
4329,spam,"Congrats!  mobile Videophones yours. call  now! videochat wid mates, play java games, Dload polyH music, noline rentl"
4348,spam,  have secret admirer who looking  make contact with-find out who they*reveal who thinks special-call 
4355,spam,important information  orange user xxxxxxx. today your lucky day!find out why log onto http://www.urawinner.com THERE FANTASTIC SURPRISE AWAITING YOU!
4359,spam,Our dating service has been asked  contact someone shy! CALL  NOW all will revealed. POBox
4371,spam, you want new Video handset?  any time any network mins? UNLIMITED TEXT? Camcorder? Reply Call now  for del Sat
4373,spam," balance now £. Next question: Complete the landmark, Big. Bob. Barry. Ben ?. Text . Good luck!"
4376,spam, TONEXS subscription has been renewed and you have been charged £.. You can choose  more polys this month. www.clubzed *BILLING MSG*
4377,spam," you don, your prize will another customer www.biz/min Polo Ltd Suite  London Please call back busy"
4386,spam, you want New Nokia Colour Phone Delivered Tomorrow? With  FREE minutes any mobile +  FREE text + FREE camcorder Reply Call 
4394,spam,RECPT /. You have ordered Ringtone. Your order being processed...
4407,spam, one our registered subscribers can enter the draw. gift voucher replying with ENTER unsubscribe text STOP
4410,spam,"For your chance WIN FREE Bluetooth Headset then simply reply back with ""ADP"""
4436,spam,Don floppy snappy & happy! Only gay chat service with photo upload call/min).  stop our texts call 
4450,spam,"Urgent awarded complimentary trip EuroDisinc Trav, Aco&Entry claim txt DIS  +*£.(moreFrmMob. ShrAcomOrSglSuplt"
4460,spam,Welcome-mobile-date this msg FREE giving you free calling . Future mgs billed daily cancel send stop 
4473,spam,. You have received your mobile content. Enjoy
4475,spam,Want explicit SEX  secs? Ring  now! Costs/min
4499,spam,"Latest Nokia Mobile iPOD Player +£ proze GUARANTEED! Reply with: WIN  now! Norcorp Ltd.£,/Mtmsgrcvd+"
4500,spam,"SMS SERVICES. for your inclusive text credits, pls goto www.comuk.net login= qxj unsubscribe with STOP extra charge. help .COMUK"
4506,spam,Mobile Club: Choose any the top quality items for your mobile. cfcaa
4514,spam,Money have won wining number  wot next
4517,spam,"Congrats!  mobile Videophones yours. call  now! videochat wid mates, play java games, Dload polyH music, noline rentl"
4527,spam," want some cock hubby away need real man  satisfy. Txt WIFE  for strings action. (Txt STOP  end, txt rec. OTBox. )"
4534,spam, new service - live sex video chat your mob - see the sexiest dirtiest girls live phone -  details text horny cancel send STOP 
4543,spam,FreeMsg baby wow just got new cam moby. Wanna hot pic Fancy chat win uTxt / rply CHAT  Hlp  Msgp rcv
4571,spam,Wanna have laugh? Try CHIT-CHAT your mobile now! Logon txting the word: CHAT and send Box  London/msg rcvd
4574,spam,URGENT! This the attempt contact have WON £CALL&csBCMWCNXX.callcostppmmobilesvary. max£. 
4577,spam,Congratulations awarded vouchers gift guaranteed & Free entry   wkly draw txt MUSIC 
4578,spam,"Had your contract mobile  Mnths? Latest Motorola, Nokia etc. all FREE! Double Mins & Text Orange tariffs. TEXT YES for callback remove from records"
4579,spam,"Urgent! call  from your landline. Your complimentary * Ibiza Holiday , cash await collection SAE BOX  ppm +"
4584,spam,For chance win £ wkly shopping spree TXT: SHOP www.txt--shop.com custcare
4586,spam, have Secret Admirer who looking  make contact with-find out who they*reveal who thinks special-call -stopsms-ppm
4587,spam,"Mila, age, blonde, new look sex with guys like fun with. Text MTALK/txt free. £. increments. Help"
4592,spam,Well done ENGLAND! Get the official poly ringtone colour flag yer mobile! text TONE FLAG  NOW! Opt-out txt ENG STOP. Box WWX £.
4602,spam,FreeMsg: Txt: CALL:  & claim your reward  hours talk time use from your phone now! SubscribeGBP/mnth inc hrs  stop?txtStop
4616,spam,Sunshine Quiz! Win super Sony DVD recorder you canname the capital Australia? Text MQUIZ
4628,spam,Please call our customer service representative    between you have WON guaranteed £ cash £ prize!
4629,spam,Todays Voda numbers ending with  are selected receive £ reward you have match please call  quoting claim code  standard rates apply.
4643,spam,You are being ripped off! Get your mobile content from www.clubmoby.com call  poly/true/Pix/Ringtones/Games six downloads for only 
4647,spam, tried contact you your reply our offer Video Phone  anytime any network mins Half Price Line Rental Camcorder Reply call 
4652,spam, £ XMAS REWARD WAITING FOR YOU! Our computer has randomly picked you from our loyal mobile customers receive £ reward. Just call  
4658,spam,PRIVATE! Your  Account Statement for shows-redeemed. points. Call  Identifier Code:  Expires //
4673,spam,"Customer service announcement recently tried make delivery you but were unable, please call-schedule. Ref:"
4676,spam," babe its Chloe, how was smashed saturday night was great! How was your weekend been missing visionsms.com Text stop stop/text"
4696,spam,"URGENT! Your Mobile  was awarded £, Bonus Caller Prize //! This our attempt contact YOU! Call -- BOXQU"
4701,spam,WIN have winner. Foley won iPod! More exciting prizes soon keep eye mobile visit www.win
4725,spam,"FREE GAME. Get Rayman Golf  FREE from the Games Arcade get games settings. Reply POST, then save & activ. Press  key for Arcade. Termsapply"
4728,spam,"Had your mobile  mths? Update the latest Camera/Video phones for FREE. KEEP SAME NUMBER, Get extra free mins/texts. Text YES for call"
4735,spam,Buy Space Invaders chance  win orig Arcade Game console. Press  for Games Arcade (std WAP charge) See/games  Terms + settings purchase
4746,spam,Camera - You are awarded SiPix Digital Camera! call  fromm landline. Delivery within  days.
4752,spam,Your weekly Cool-Mob tones are ready download !This weeks new Tones include: ) Crazy Frog-AXEL>>> ) Akon-Lonely>>> ) Black Eyed-Dont >>>More info
4754,spam,Cashbin (Get lots cash this weekend!) www.cashbin Dear Welcome the weekend have got our biggest and best EVER cash give away!! These..
4759,spam,URGENT! Your Mobile number has been awarded with £ prize GUARANTEED. Call  from land line. Claim . Valid hrs only ppm
4760,spam,Thanks  your continued support Your question this week will enter our draw  £ cash. Name the NEW President? txt ans 
4768,spam,Your unique user . For removal send STOP  customer services 
4786,spam,"Urgent -call from Landline. Your complimentary * Ibiza Holiday £, cash await collection SAE BOX ppm +"
4797,spam,URGENT This our attempt contact. Your £ prize from YESTERDAY still awaiting collection claim CALL NOW 
4798,spam,Santa calling! Would your little ones like call from Santa Xmas Eve? Call book you time. Calls.ppm last mins www.santacalling.com
4808,spam,PRIVATE! Your  Account Statement for **** shows  unredeemed Bonus Points claim call  Identifier Code:  Expires ..
4821,spam,Check Out Choose Your Babe Videos @ sms.shsex.netUN fgkslpoPW fgkslpo
4823,spam, winner ave been specially selected  receive £ cash * holiday (flights inc) speak live operator  claim/min ( )
4834,spam,"New Mobiles from , MUST! Txt: NOKIA:  & collect yours today! From ONLY £. www.biz optout .gbp/mtmsg TXTAUCTION."
4841,spam,PRIVATE! Your  Account Statement for shows-redeemed. points. Call  Identifier Code:  Expires //
4845,spam,YOU HAVE WON valued Vodafone customer our computer has picked YOU win £ prize collect easy. Just call  
4863,spam,**FREE MESSAGE**Thanks for using the Auction Subscription Service/MSGRCVD  Skip Auction txt OUT.  Unsubscribe txt STOP CustomerCare 
4864,spam,Bored housewives! Chat date now-national rate/min only from landlines!
4877,spam,lyricalladie inviting you her friend. Reply YES-. See her: www.SMS/hmmross STOP? Send STOP FRND 
4879,spam,  POLYPHONIC tone mob every week! Just txt Tone FREE get txtin now and tell friends/tone.  reply info
4888,spam,Todays Vodafone numbers ending with  are selected receive £ award your number matches call receive your £ award.
4896,spam,Want the latest Video handset?  anytime any network mins? Half price line rental? Reply call  for delivery tomorrow
4901,spam, are guaranteed the latest Nokia Phone iPod player £ prize! Txt word: COLLECT: ! IBHltd LdnWH/Mtmsgrcvd
4903,spam,* FREE* POLYPHONIC RINGTONE Text SUPER get your FREE POLY TONE the week now PoBox subscription
4906,spam,Warner Village Colin Farrell SWAT this wkend @Warner Village & get  free med. Popcorn!Just show msg+ticket@kiosk.Valid @kiosk. Reply SONY  mre film offers
4914,spam,Goal! Arsenal  (Henry Liverpool  Henry scores with simple shot from  yards from pass Bergkamp give Arsenal  goal margin after  mins.
4918,spam,"This the time have tried  contact have won the  Pound prize.  claim easy, call  NOW! Only per min-national-rate"
4930,spam,"Got what takes  take part the WRC Rally can with Lucozade Energy! Text RALLY), see packs lucozade/wrc & itcould!"
4931,spam,", the SEXYCHAT girls are waiting for you text them. Text now for great night chatting. send STOP stop this service"
4948,spam,Great News! Call FREEFONE claim your guaranteed £ CASH £ gift. Speak live operator NOW!
4949,spam," this Amy will sending you free phone number couple days, which will give you access all the adult parties..."
4953,spam,Welcome Select service with added benefits. You can now call our specially trained advisors FREE from your mobile dialling .
4965,spam,Dear Voucher holder Have your next meal. Use the following link your  enjoy    dining experiencehttp://www.vouchme.com/etlp/dining.asp
4967,spam,URGENT are trying contact. Todays draw shows that you have won £ prize GUARANTEED. Call  from land line. Claim . Valid hrs only
4968,spam,You can donate UNICEF Asian Tsunami disaster support fund texting DONATE . £. will added your next bill
4985,spam,goldviking inviting you his friend. Reply YES- See him: www.SMS/goldviking STOP? Send STOP FRND 
4991,spam,Phony £ award - Todays Voda numbers ending XXXX are selected receive £ award you have match please call  quoting claim code  standard rates app
5004,spam,CDs: Congratulations awarded gift vouchers £ gift guaranteed & Freeentry  £ wkly draw MUSIC  TnCs www.ldew.comwinppmxage 
5012,spam,You have WON guaranteed £ cash £ prize claim prize call our customer service representative  between Cost
5018,spam,Dear xxxxxxx been invited XCHAT. This our final attempt contact! Txt CHAT/MsgrcvdHG/Suite/Lands/Row/WJHL LDN yrs
5027,spam, cash-balance currently  pounds maximize cash now send  only/meg/Suite/lands Row/WjHL
5028,spam,PRIVATE! Your  Account Statement for shows-redeemed. points. Call  Identifier Code Expires //
5030,spam, like tell you deepest darkest fantasies. Call  just/min stop texts call  (nat rate)
5037,spam,You won believe but true Incredible Txts! Reply now learn truly amazing things that will blow your mind. From OFWD only/txt
5041,spam,Natalie inviting you her friend. Reply YES- See her: www.SMS/nataliek STOP? Send STOP FRND 
5043,spam,Jamster get your free wallpaper text HEART  now apply.  only. Need Help? Call .
5055,spam,Double Mins & Double Txt & / price Linerental Latest Orange Bluetooth mobiles. Call MobileUpd for the very latest offers calloptout
5060,spam,Free video camera phones with Half Price line rental for  mths and  cross ntwk mins  txts. Call MobileUpd CallOptOut/
5068,spam, Break AccommodationVouchers terms & conditions apply.  claim you mustprovide your claim number which  
5071,spam,  alfie Moon Children need song mob. Tell. Txt Tone charity  for Nokias Poly charity for polys: zed  profit  charity.
5073,spam,WIN £ Shopping spree every WEEK Starting NOW.  play text STORE . SkilGme. TsCs Winawk! age £.perweeksub.
5076,spam,"This the attempt contract, you have won this weeks top prize either £ cash £ prize. Just call "
5079,spam, you want New Nokia colour phone DeliveredTomorrow? With  free minutes any mobile +  free texts + Free Camcorder reply call .
5098,spam,"TheMob>Hit the link get premium Pink Panther game, the new.  from Sugababes crazy Zebra animation badass Hoody wallpaper-all  FREE!"
5102,spam,This msg for your mobile content order has been resent previous attempt failed due network error Queries customersqueries@netvision.com
5110,spam,You have  new message. Please call 
5112,spam,December only! Had your mobile mths+? You are entitled update the latest colour camera mobile for Free! Call The Mobile Update VCo FREE  
5115,spam,"Get  Lions England tone, reply lionm  mono lionp  poly.  more  www.ringtones, the original best. Tones GBP network operator rates apply."
5120,spam,PRIVATE! Your  Account Statement for 
5137,spam,"YOU WON! Your * Costa Del Sol Holiday £ await collection. Call  Now toClaim. SAE, POBox, Stockport, SKxh, Cost, Maxmins"
5141,spam,FREE for week Nokia tone mobile every week just txt NOKIA  Get txting and tell mates. www.getzed POBox  WWQ + normp/tone
5147,spam,Get your garden ready for summer with FREE selection summer bulbs and seeds worth £: only with The Scotsman this Saturday stop notxt
5164,spam,"Congrats  mobile Videophones yours. call  now! videochat wid mates, play java games, Dload polypH music, noline rentl"
5178,spam,SMS AUCTION BRAND NEW Nokia  auction today! Auction FREE  join & take part! Txt NOKIA  now!
5189,spam,ree entry weekly comp for chance win ipod. Txt POD get entry (std txt rate apply  for details +
5190,spam,Our records indicate maybe entitled  pounds compensation for the Accident you had claim  free reply with CLAIM this msg.  stop txt STOP
5196,spam,"Spook your mob with Halloween collection logo & pic message plus free eerie tone, txt CARD SPOOK  zed per logo/pic "
5200,spam,Call Germany for only  pence per minute! Call from fixed line via access number prepayment. Direct access! www.telediscount
5201,spam,"YOU WON! Your * Costa Del Sol Holiday £ await collection. Call  Now toClaim. SAE, POBox, Stockport, SKxh, Cost, Maxmins"
5205,spam,Had your mobile mths ? Update for FREE Oranges latest colour camera mobiles & unlimited weekend calls. Call Mobile Upd freefone StopTxt
5214,spam,Natalja inviting you her friend. Reply YES- See her: www.SMS/nat STOP? Send STOP FRND 
5228,spam,PRIVATE! Your  Account Statement for <fone> shows-redeemed. points. Call  Identifier Code:  Expires //
5232,spam,YOU ARE CHOSEN RECEIVE £ AWARD! Pls call claim number collect your award which you are selected receive valued mobile customer.
5237,spam,Someonone you know trying contact you via our dating service find out who could call from your mobile landline  BOXSKch 
5250,spam,Urgent! Please call  from landline. £ cash * holiday await collection SAE Box  MXY. +
5269,spam," you don, your prize will another customer www.biz/min Polo Ltd Suite  London Please call back busy "
5278,spam,URGENT! Your Mobile number has been awarded with £ prize GUARANTEED. Call  from land line. Claim . Valid hrs only ppm
5285,spam,"URGENT! You have won  week FREE membership our £, Prize Jackpot! Txt the word: CLAIM www.dbuk.net LCCLTD POBOX LDNWARW"
5292,spam,Urgent! Please call  from landline. £ cash luxury * Canary Islands Holiday await collection SAE Box . MXY. ppm. +
5294,spam,XMAS iscoming awarded either gift vouchers & free entry £ weekly draw txt MUSIC  TnC www.Ldew.comwinppmxagesubscription 
5314,spam,Get the official ENGLAND poly ringtone colour flag yer mobile for tonights game! Text TONE FLAG . Optout txt ENG STOP Box WWX £.
5342,spam," subscribed  TEXTCOMP  wkly comp free question follows, subsequent wks charged/msg. unsubscribe txt STOP  ,custcare "
5364,spam,Call  and send our girls into erotic ecstacy. Just/min stop texts call  (nat rate)
5365,spam,Camera - You are awarded SiPix Digital Camera! call  fromm landline. Delivery within  days.
5366,spam, £ XMAS REWARD WAITING FOR YOU! Our computer has randomly picked you from our loyal mobile customers receive £ reward. Just call 
5368,spam,IMPORTANT MESSAGE. This final contact attempt. You have important messages waiting out our customer claims dept. Expires //. Call  NOW!
5370,spam,dating have had two these. Only started after sent text talk sport radio last week. Any connection you think coincidence?
5377,spam,The current leading bid pause this auction send OUT. Customer Care: 
5378,spam,"Free entry the grprizes wkly comp chance win the latest Nokia , PSP £ cash every.TXT GREAT  http//www.grprizes.com "
5381,spam,You have  new message. Call --
5427,spam,Santa Calling! Would your little ones like call from Santa Xmas eve? Call book your time.
5443,spam,You have won guaranteed  award maybe even £ cash claim award call free  ..... (+). Its legitimat efreefone number wat think???
5449,spam,"Latest News! Police station toilet stolen, cops have nothing!"
5456,spam,For the most sparkling shopping breaks from  per person; call visit www.shortbreaks.org
5460,spam,December only! Had your mobile mths+? You are entitled update the latest colour camera mobile for Free! Call The Mobile Update FREE 
5462,spam,Txt: CALL:  & claim your reward  hours talk time use from your phone now! SubscribeGBP/mnth inc hrs  stop?txtStop www.gamb
5466,spam,http//tms. widelive.com/index. wml=ada&first=true Ringtone¡
5467,spam,Get your garden ready for summer with FREE selection summer bulbs and seeds worth £: only with The Scotsman this Saturday stop notxt
5468,spam,URGENT! Last weekend draw shows that you have won £ cash Spanish holiday! CALL NOW claim: RSTM. ppm
5482,spam,URGENT are trying contact you Last weekends draw shows have won £ prize GUARANTEED Call  Claim code Valid hrs
5487,spam, per min call Germany  from your line. Just per min. Check PlanetTalkInstant.com for info. Text stop opt out
5492,spam,Marvel Mobile Play the official Ultimate Spider-man game mobile right now. Text SPIDER  for the game send FREE Ball wallpaper
5497,spam,"SMS SERVICES. for your inclusive text credits, pls goto www.comuk.net login= qxj unsubscribe with STOP extra charge. help .COMUK"
5501,spam,PRIVATE! Your  Account Statement for  shows-redeemed. points. Call  Identifier Code:  Expires //
5524,spam,You are awarded SiPix Digital Camera! call  from landline. Delivery within days Box. MBP warranty. ppm£.
5526,spam,PRIVATE! Your  Account Statement for shows-redeemed. points. Call  Identifier Code:  Expires //
5537,spam,Want explicit SEX  secs? Ring  now! Costs/min Gsex POBOX  WCN
5540,spam,ASKED MOBILE  CHATLINES INCLU FREE MINS. INDIA CUST SERVs SED YES. LER GOT MEGA BILL.  DONT GIV SHIT. BAILIFF DUE DAYS £  WANT £
5547,spam,"Had your contract mobile  Mnths? Latest Motorola, Nokia etc. all FREE! Double Mins & Text Orange tariffs. TEXT YES for callback remove from records."
5566,spam,"REMINDER FROM get . pounds free call credit and details great offers pls reply  this text with your valid name, house and postcode"
5567,spam,"This the time have tried  contact have won the £ Pound prize.  claim easy, call  NOW! Only per minute-national-rate."
